Gênero;Espécie;número_etiqueta;Município;Ambiente;Sitio ;Latitude;Longitude;Armadilha
Eulaema;flavescens;1;Una ;Floresta;U3;;;
Eulaema;bombiformis;2;Una ;Floresta;U3;;;
Eulaema;bombiformis;3;Una ;Floresta;U3;;;
Eulaema;flavescens;4;Una ;Floresta;U3;;;
Eulaema;bombiformis;5;Una ;Floresta;U3;;;
Eulaema;flavescens;6;Una ;Floresta;U3;;;
Eulaema;bombiformis;7;Una ;Floresta;U3;;;
Eulaema;flavescens;8;Una ;Floresta;U3;;;
Eulaema;flavescens;9;Una ;Floresta;U3;;;
Eulaema;bombiformis;10;Una ;Floresta;U3;;;
Eulaema;flavescens;11;Una ;Floresta;U3;;;
Eulaema;flavescens;12;Una ;Floresta;U3;;;
Eulaema;flavescens;13;Una ;Floresta;U3;;;
Eulaema;flavescens;14;Una ;Floresta;U3;;;
Eulaema;flavescens;15;Una ;Floresta;U3;;;
Eulaema;flavescens;16;Una ;Floresta;U3;;;
Eulaema;flavescens;17;Una ;Floresta;U3;;;
Eulaema;flavescens;18;Una ;Floresta;U3;;;
Eulaema;flavescens;19;Una ;Floresta;U3;;;
Eulaema;flavescens;20;Una ;Floresta;U3;;;
Eulaema;bombiformis;21;Una ;Floresta;U3;;;
Eulaema;flavescens;22;Una ;Floresta;U3;;;
Eulaema;bombiformis;23;Una ;Floresta;U3;;;
Eulaema;flavescens;24;Una ;Floresta;U3;;;
Euglossa;imperialis;25;Una ;Floresta;U3;;;
Euglossa;imperialis;26;Una ;Floresta;U3;;;
Euglossa;imperialis;27;Una ;Cabruca;U3;;;
Euglossa;imperialis;28;Una ;Floresta;U3;;;
Euglossa;imperialis;29;Una ;Floresta;U3;;;
Euglossa;imperialis;30;Una ;Floresta;U3;;;
Euglossa;imperialis;31;Una ;Floresta;U3;;;
Euglossa;imperialis;32;Una ;Floresta;U3;;;
Euglossa;ignita;33;Una ;Floresta;U3;;;
Euglossa;imperialis;34;Una ;Floresta;U3;;;
Euglossa;imperialis;35;Una ;Floresta;U3;;;
Euglossa;imperialis;36;Una ;Floresta;U3;;;
Euglossa;imperialis;37;Una ;Floresta;U3;;;
Euglossa;imperialis;38;Una ;Floresta;U3;;;
Euglossa;imperialis;39;Una ;Floresta;U3;;;
Euglossa;imperialis;40;Una ;Floresta;U3;;;
Euglossa;imperialis;41;Una ;Floresta;U3;;;
Euglossa;imperialis;42;Una ;Cabruca;U3;;;
Euglossa;imperialis;43;Una ;Floresta;U3;;;
Euglossa;imperialis;44;Una ;Floresta;U3;;;
Euglossa;imperialis;45;Una ;Floresta;U3;;;
Euglossa;cognata;46;Una ;Floresta;U3;;;
Euglossa;cognata;47;Una ;Floresta;U3;;;
Euglossa;imperialis;48;Una ;Cabruca;U3;;;
Eulaema;flavescens;49;Una ;Cabruca;U3;;;
Euglossa;imperialis;50;Una ;Cabruca;U3;;;
Eulaema;bombiformis;51;Una ;Cabruca;U3;;;
Eulaema;bombiformis;52;Una ;Cabruca;U3;;;
Eulaema;bombiformis;53;Una ;Cabruca;U3;;;
Eulaema;bombiformis;54;Una ;Cabruca;U3;;;
Eulaema;flavescens;55;Una ;Cabruca;U3;;;
Eulaema;bombiformis;56;Una ;Cabruca;U3;;;
Eulaema;bombiformis;57;Una ;Cabruca;U3;;;
Euglossa;imperialis;58;Una ;Cabruca;U3;;;
Eulaema;bombiformis;59;Una ;Cabruca;U3;;;
Eulaema;bombiformis;60;Una ;Cabruca;U3;;;
Eulaema;flavescens;61;Una ;Cabruca;U3;;;
Eulaema;bombiformis;62;Una ;Cabruca;U3;;;
Eulaema;bombiformis;63;Una ;Cabruca;U3;;;
Eulaema;flavescens;64;Una ;Cabruca;U3;;;
Eulaema;flavescens;65;Una ;Cabruca;U3;;;
Euglossa;imperialis;66;Una ;Cabruca;U3;;;
Eulaema;bombiformis;67;Una ;Cabruca;U3;;;
Eulaema;flavescens;68;Una ;Cabruca;U3;;;
Eulaema;flavescens;69;Una ;Cabruca;U3;;;
Eulaema;bombiformis;70;Una ;Cabruca;U3;;;
Euglossa;imperialis;71;Una ;Cabruca;U3;;;
Eulaema;flavescens;72;Una ;Cabruca;U3;;;
Eulaema;flavescens;73;Una ;Cabruca;U3;;;
Eulaema;bombiformis;74;Una ;Cabruca;U3;;;
Eulaema;flavescens;75;Una ;Cabruca;U3;;;
Eulaema;flavescens;76;Una ;Cabruca;U3;;;
Eulaema;flavescens;77;Una ;Cabruca;U3;;;
Eulaema;flavescens;78;Una ;Cabruca;U3;;;
Eulaema;flavescens;79;Una ;Cabruca;U3;;;
Eulaema;flavescens;80;Una ;Cabruca;U3;;;
Eulaema;flavescens;81;Una ;Cabruca;U3;;;
Eulaema;flavescens;82;Una ;Cabruca;U3;;;
Eulaema;flavescens;83;Una ;Cabruca;U3;;;
Eulaema;bombiformis;84;Una ;Cabruca;U3;;;
Eulaema;bombiformis;85;Una ;Cabruca;U3;;;
Eulaema;flavescens;86;Una ;Cabruca;U3;;;
Eulaema;bombiformis;87;Una ;Cabruca;U3;;;
Eulaema;flavescens;88;Una ;Cabruca;U3;;;
Eulaema;bombiformis;89;Una ;Cabruca;U3;;;
Eulaema;bombiformis;90;Una ;Cabruca;U3;;;
Eulaema;bombiformis;91;Una ;Cabruca;U3;;;
Eulaema;bombiformis;92;Una ;Cabruca;U3;;;
Eulaema;bombiformis;93;Una ;Cabruca;U3;;;
Eulaema;bombiformis;94;Una ;Cabruca;U3;;;
Eulaema;bombiformis;95;Una ;Cabruca;U3;;;
Eulaema;bombiformis;96;Una ;Cabruca;U3;;;
Eulaema;flavescens;97;Una ;Cabruca;U3;;;
Eulaema;flavescens;98;Una ;Cabruca;U3;;;
Eulaema;flavescens;99;Una ;Cabruca;U3;;;
Eulaema;bombiformis;100;Una ;Cabruca;U3;;;
Eulaema;flavescens;101;Una ;Cabruca;U3;;;
Eulaema;flavescens;102;Una ;Cabruca;U3;;;
Eulaema;flavescens;103;Una ;Cabruca;U3;;;
Eulaema;flavescens;104;Una ;Cabruca;U3;;;
Eulaema;flavescens;105;Una ;Cabruca;U3;;;
Eulaema;bombiformis;106;Una ;Cabruca;U3;;;
Eulaema;flavescens;107;Una ;Cabruca;U3;;;
Eulaema;flavescens;108;Una ;Cabruca;U1;;;
Eulaema;bombiformis;109;Una ;Cabruca;U3;;;
Eulaema;flavescens;110;Una ;Cabruca;U3;;;
Eulaema;flavescens;111;Una ;Cabruca;U3;;;
Eulaema;bombiformis;112;Una ;Cabruca;U3;;;
Eulaema;flavescens;113;Una ;Cabruca;U3;;;
Eulaema;flavescens;114;Una ;Cabruca;U3;;;
Eulaema;flavescens;115;Una ;Cabruca;U3;;;
Eulaema;bombiformis;116;Una ;Floresta;U3;;;
Eulaema;flavescens;117;Una ;Cabruca;U1;;;
Eulaema;flavescens;118;Una ;Cabruca;U1;;;
Eulaema;flavescens;119;Una ;Cabruca;U1;;;
Eulaema;flavescens;120;Una ;Cabruca;U1;;;
Eulaema;flavescens;121;Una ;Cabruca;U1;;;
Eulaema;flavescens;122;Una ;Cabruca;U1;;;
Eulaema;flavescens;123;Una ;Cabruca;U1;;;
Euglossa;imperialis;124;Una ;Cabruca;U1;;;
Eulaema;bombiformis;125;Una ;Cabruca;U1;;;
Euglossa;imperialis;126;Una ;Cabruca;U1;;;
Eulaema;flavescens;127;Una ;Cabruca;U1;;;
Eulaema;bombiformis;128;Una ;Cabruca;U1;;;
Euglossa;imperialis;129;Una ;Cabruca;U1;;;
Eulaema;flavescens;130;Una ;Cabruca;U1;;;
Euglossa;imperialis;131;Una ;Cabruca;U1;;;
Eulaema;flavescens;132;Una ;Cabruca;U1;;;
Eulaema;flavescens;133;Una ;Cabruca;U1;;;
Eulaema;flavescens;134;Una ;Cabruca;U1;;;
Euglossa;imperialis;135;Una ;Cabruca;U1;;;
Euglossa;imperialis;136;Una ;Cabruca;U1;;;
Eulaema;bombiformis;137;Una ;Cabruca;U1;;;
Eulaema;bombiformis;138;Una ;Cabruca;U1;;;
Exaerete;smaragdina;139;Una ;Cabruca;U1;;;
Exaerete;smaragdina;140;Una ;Cabruca;U1;;;
Exaerete;smaragdina;141;Una ;Cabruca;U1;;;
Eulaema;flavescens;142;Una ;Cabruca;U1;;;
Euglossa;cognata;143;Una ;Cabruca;U1;;;
Eulaema;flavescens;144;Una ;Floresta;U1;;;
Eulaema;flavescens;145;Una ;Floresta;U1;;;
Eulaema;bombiformis;146;Una ;Floresta;U1;;;
Eulaema;flavescens;147;Una ;Floresta;U1;;;
Eulaema;flavescens;148;Una ;Floresta;U1;;;
Eulaema;bombiformis;149;Una ;Floresta;U1;;;
Eulaema;bombiformis;150;Una ;Floresta;U1;;;
Eulaema;bombiformis;151;Una ;Floresta;U1;;;
Eulaema;bombiformis;152;Una ;Floresta;U1;;;
Eulaema;bombiformis;153;Una ;Floresta;U1;;;
Eulaema;bombiformis;154;Una ;Floresta;U1;;;
Eulaema;bombiformis;155;Una ;Floresta;U1;;;
Eulaema;bombiformis;156;Una ;Floresta;U1;;;
Eulaema;bombiformis;157;Una ;Floresta;U1;;;
Eulaema;bombiformis;158;Una ;Floresta;U1;;;
Eulaema;flavescens;159;Una ;Floresta;U1;;;
Eulaema;bombiformis;160;Una ;Floresta;U1;;;
Eulaema;singulata;161;Una ;Floresta;U1;;;
Eulaema;bombiformis;162;Una ;Floresta;U1;;;
Eulaema;flavescens;163;Una ;Floresta;U1;;;
Eulaema;bombiformis;164;Una ;Floresta;U1;;;
Eulaema;flavescens;165;Una ;Floresta;U1;;;
Eulaema;bombiformis;166;Una ;Floresta;U1;;;
Eulaema;bombiformis;167;Una ;Floresta;U1;;;
Eulaema;bombiformis;168;Una ;Floresta;U1;;;
Eulaema;bombiformis;169;Una ;Floresta;U1;;;
Eulaema;bombiformis;170;Una ;Floresta;U1;;;
Eulaema;bombiformis;171;Una ;Floresta;U1;;;
Eulaema;bombiformis;172;Una ;Floresta;U1;;;
Eulaema;flavescens;173;Una ;Floresta;U1;;;
Eulaema;bombiformis;174;Una ;Floresta;U1;;;
Eulaema;bombiformis;175;Una ;Floresta;U1;;;
Eulaema;flavescens;176;Una ;Floresta;U1;;;
Eulaema;bombiformis;177;Una ;Floresta;U1;;;
Eulaema;bombiformis;178;Una ;Floresta;U1;;;
Eulaema;flavescens;179;Una ;Floresta;U1;;;
Eulaema;bombiformis;180;Una ;Floresta;U1;;;
Eulaema;bombiformis;181;Una ;Floresta;U1;;;
Eulaema;bombiformis;182;Una ;Floresta;U1;;;
Eulaema;bombiformis;183;Una ;Floresta;U1;;;
Eulaema;bombiformis;184;Una ;Floresta;U1;;;
Eulaema;bombiformis;185;Una ;Floresta;U1;;;
Eulaema;bombiformis;186;Una ;Floresta;U1;;;
Eulaema;bombiformis;187;Una ;Floresta;U1;;;
Eulaema;bombiformis;188;Una ;Floresta;U1;;;
Eulaema;flavescens;189;Una ;Floresta;U1;;;
Eulaema;flavescens;190;Una ;Floresta;U1;;;
Eulaema;flavescens;191;Una ;Floresta;U1;;;
Eulaema;flavescens;192;Una ;Floresta;U1;;;
Eulaema;flavescens;193;Una ;Floresta;U1;;;
Eulaema;bombiformis;194;Una ;Floresta;U1;;;
Eulaema;flavescens;195;Una ;Floresta;U1;;;
Eulaema;flavescens;196;Una ;Floresta;U1;;;
Eulaema;flavescens;197;Una ;Floresta;U1;;;
Eulaema;bombiformis;198;Una ;Floresta;U1;;;
Eulaema;bombiformis;199;Una ;Floresta;U1;;;
Eulaema;flavescens;200;Una ;Floresta;U1;;;
Eulaema;flavescens;201;Una ;Floresta;U1;;;
Eulaema;flavescens;202;Una ;Floresta;U1;;;
Eulaema;flavescens;203;Una ;Floresta;U1;;;
Eulaema;flavescens;204;Una ;Floresta;U1;;;
Eulaema;bombiformis;205;Una ;Floresta;U1;;;
Eulaema;bombiformis;206;Una ;Floresta;U1;;;
Eulaema;bombiformis;207;Una ;Floresta;U1;;;
Eulaema;flavescens;208;Una ;Floresta;U1;;;
Eulaema;flavescens;209;Una ;Floresta;U1;;;
Eulaema;bombiformis;210;Una ;Floresta;U1;;;
Eulaema;flavescens;211;Una ;Floresta;U1;;;
Eulaema;flavescens;212;Una ;Floresta;U1;;;
Eulaema;bombiformis;213;Una ;Floresta;U1;;;
Eulaema;flavescens;214;Una ;Floresta;U1;;;
Eulaema;flavescens;215;Una ;Floresta;U1;;;
Eulaema;flavescens;216;Una ;Floresta;U1;;;
Eulaema;flavescens;217;Una ;Floresta;U1;;;
Eulaema;flavescens;218;Una ;Floresta;U1;;;
Eulaema;bombiformis;219;Una ;Floresta;U1;;;
Eulaema;flavescens;220;Una ;Floresta;U1;;;
Eulaema;bombiformis;221;Una ;Floresta;U1;;;
Eulaema;flavescens;222;Una ;Floresta;U1;;;
Eulaema;flavescens;223;Una ;Floresta;U1;;;
Eulaema;bombiformis;224;Una ;Floresta;U1;;;
Eulaema;bombiformis;225;Una ;Floresta;U1;;;
Eulaema;flavescens;226;Una ;Floresta;U1;;;
Eulaema;flavescens;227;Una ;Floresta;U1;;;
Eulaema;flavescens;228;Una ;Floresta;U1;;;
Eulaema;flavescens;229;Una ;Floresta;U1;;;
Eulaema;flavescens;230;Una ;Floresta;U1;;;
Eulaema;flavescens;231;Una ;Floresta;U1;;;
Eulaema;flavescens;232;Una ;Floresta;U1;;;
Eulaema;bombiformis;233;Una ;Floresta;U1;;;
Eulaema;flavescens;234;Una ;Floresta;U1;;;
Eulaema;flavescens;235;Una ;Floresta;U1;;;
Eulaema;flavescens;236;Una ;Floresta;U1;;;
Eulaema;flavescens;237;Una ;Floresta;U1;;;
Eulaema;flavescens;238;Una ;Floresta;U1;;;
Eulaema;flavescens;239;Una ;Floresta;U1;;;
Eulaema;flavescens;240;Una ;Floresta;U1;;;
Eulaema;flavescens;241;Una ;Floresta;U1;;;
Eulaema;flavescens;242;Una ;Floresta;U1;;;
Eulaema;flavescens;243;Una ;Floresta;U1;;;
Eulaema;flavescens;244;Una ;Floresta;U1;;;
Eulaema;flavescens;245;Una ;Floresta;U1;;;
Euglossa;imperialis;246;Una ;Floresta;U8;;;
Euglossa;imperialis;247;Una ;Floresta;U1;;;
Eulaema;flavescens;248;Una ;Floresta;U1;;;
Euglossa;imperialis;249;Una ;Floresta;U1;;;
Eulaema;flavescens;250;Una ;Floresta;U1;;;
Euglossa;imperialis;251;Una ;Floresta;U1;;;
Euglossa;imperialis;252;Una ;Floresta;U1;;;
Euglossa;imperialis;253;Una ;Floresta;U1;;;
Eulaema;flavescens;254;Una ;Floresta;U1;;;
Euglossa;imperialis;255;Una ;Floresta;U1;;;
Euglossa;imperialis;256;Una ;Floresta;U1;;;
Euglossa;imperialis;257;Una ;Floresta;U1;;;
Eulaema;flavescens;258;Una ;Floresta;U1;;;
Eulaema;flavescens;259;Una ;Floresta;U1;;;
Euglossa;ignita;260;Una ;Floresta;U1;;;
Euglossa;imperialis;261;Una ;Floresta;U1;;;
Euglossa;gaianii;262;Una ;Floresta;U1;;;
Euglossa;cognata;263;Una ;Floresta;U1;;;
Euglossa;ignita;264;Una ;Floresta;U1;;;
Euglossa;imperialis;265;Una ;Floresta;U1;;;
Euglossa;imperialis;266;Una ;Floresta;U1;;;
Euglossa;imperialis;267;Una ;Floresta;U1;;;
Euglossa;cognata;268;Una ;Floresta;U1;;;
Euglossa;imperialis;269;Una ;Floresta;U1;;;
Euglossa;cognata;270;Una ;Floresta;U1;;;
Euglossa;imperialis;271;Una ;Floresta;U1;;;
Euglossa;imperialis;272;Una ;Floresta;U1;;;
Euglossa;imperialis;273;Una ;Floresta;U1;;;
Euglossa;imperialis;274;Una ;Floresta;U1;;;
Euglossa;ignita;275;Una ;Floresta;U1;;;
Euglossa;imperialis;276;Una ;Floresta;U1;;;
Euglossa;imperialis;277;Una ;Floresta;U1;;;
Euglossa;ignita;278;Una ;Floresta;U1;;;
Euglossa;imperialis;279;Una ;Floresta;U1;;;
Euglossa;imperialis;280;Una ;Floresta;U1;;;
Euglossa;imperialis;281;Una ;Floresta;U1;;;
Euglossa;imperialis;282;Una ;Floresta;U1;;;
Euglossa;imperialis;283;Una ;Floresta;U1;;;
Euglossa;imperialis;284;Una ;Floresta;U1;;;
Euglossa;imperialis;285;Una ;Floresta;U1;;;
Euglossa;imperialis;286;Una ;Floresta;U1;;;
Euglossa;imperialis;287;Una ;Floresta;U1;;;
Euglossa;imperialis;288;Una ;Floresta;U1;;;
Euglossa;imperialis;289;Una ;Floresta;U1;;;
Euglossa;imperialis;290;Una ;Floresta;U1;;;
Euglossa;imperialis;291;Una ;Floresta;U1;;;
Euglossa;imperialis;292;Una ;Floresta;U1;;;
Euglossa;imperialis;293;Una ;Floresta;U1;;;
Euglossa;imperialis;294;Una ;Floresta;U1;;;
Euglossa;imperialis;295;Una ;Floresta;U1;;;
Euglossa;imperialis;296;Una ;Floresta;U1;;;
Euglossa;imperialis;297;Una ;Floresta;U1;;;
Euglossa;imperialis;298;Una ;Floresta;U1;;;
Eulaema;nigrita;299;Una ;Cabruca;U8;;;
Eulaema;nigrita;300;Una ;Cabruca;U8;;;
Eulaema;nigrita;301;Una ;Cabruca;U8;;;
Eulaema;flavescens;302;Una ;Cabruca;U8;;;
Eulaema;nigrita;303;Una ;Cabruca;U8;;;
Eulaema;nigrita;304;Una ;Cabruca;U8;;;
Eulaema;flavescens;305;Una ;Cabruca;U8;;;
Eulaema;nigrita;306;Una ;Cabruca;U8;;;
Eulaema;nigrita;307;Una ;Cabruca;U8;;;
Eulaema;flavescens;308;Una ;Cabruca;U8;;;
Eulaema;nigrita;309;Una ;Cabruca;U8;;;
Eulaema;nigrita;310;Una ;Cabruca;U8;;;
Eulaema;flavescens;311;Una ;Floresta;U8;;;
Eulaema;flavescens;312;Una ;Floresta;U8;;;
Eulaema;flavescens;313;Una ;Floresta;U8;;;
Eulaema;flavescens;314;Una ;Floresta;U8;;;
Euglossa;imperialis;315;Una ;Floresta;U8;;;
Eulaema;flavescens;316;Una ;Floresta;U8;;;
Eulaema;flavescens;317;Una ;Floresta;U8;;;
Eulaema;bombiformis;318;Una ;Floresta;U8;;;
Eulaema;bombiformis;319;Una ;Floresta;U8;;;
Eulaema;bombiformis;320;Una ;Floresta;U8;;;
Eulaema;flavescens;321;Una ;Floresta;U8;;;
Eulaema;bombiformis;322;Una ;Floresta;U8;;;
Eulaema;bombiformis;323;Una ;Floresta;U8;;;
Eulaema;bombiformis;324;Una ;Floresta;U8;;;
Eulaema;flavescens;325;Una ;Floresta;U8;;;
Eulaema;bombiformis;326;Una ;Floresta;U8;;;
Eulaema;bombiformis;327;Una ;Floresta;U8;;;
Eulaema;bombiformis;328;Una ;Floresta;U8;;;
Euglossa;ignita;329;Una ;Floresta;U8;;;
Eulaema;bombiformis;330;Una ;Floresta;U8;;;
Eulaema;flavescens;331;Una ;Floresta;U8;;;
Eulaema;flavescens;332;Una ;Floresta;U8;;;
Eulaema;flavescens;333;Una ;Floresta;U8;;;
Eulaema;bombiformis;334;Una ;Floresta;U8;;;
Eulaema;flavescens;335;Una ;Floresta;U8;;;
Euglossa;ignita;336;Una ;Floresta;U8;;;
Eulaema;bombiformis;337;Una ;Floresta;U8;;;
Eulaema;bombiformis;338;Una ;Floresta;U8;;;
Euglossa;imperialis;339;Una ;Floresta;U8;;;
Eulaema;bombiformis;340;Una ;Floresta;U8;;;
Eulaema;bombiformis;341;Una ;Floresta;U8;;;
Euglossa;imperialis;342;Una ;Floresta;U8;;;
Eulaema;flavescens;343;Una ;Floresta;U8;;;
Eulaema;bombiformis;344;Una ;Floresta;U8;;;
Eulaema;bombiformis;345;Una ;Floresta;U8;;;
Eulaema;bombiformis;346;Una ;Floresta;U8;;;
Eulaema;bombiformis;347;Una ;Floresta;U8;;;
Eulaema;bombiformis;348;Una ;Floresta;U8;;;
Eulaema;flavescens;349;Una ;Floresta;U8;;;
Eulaema;bombiformis;350;Una ;Floresta;U8;;;
Eulaema;flavescens;351;Una ;Floresta;U8;;;
Eulaema;flavescens;352;Una ;Floresta;U8;;;
Eulaema;bombiformis;353;Una ;Floresta;U8;;;
Eulaema;bombiformis;354;Una ;Floresta;U8;;;
Eulaema;flavescens;355;Una ;Floresta;U8;;;
Eulaema;flavescens;356;Una ;Floresta;U8;;;
Eulaema;flavescens;357;Una ;Floresta;U8;;;
Eulaema;flavescens;358;Una ;Floresta;U8;;;
Eulaema;bombiformis;359;Una ;Floresta;U8;;;
Eulaema;flavescens;360;Una ;Floresta;U8;;;
Eulaema;bombiformis;361;Una ;Floresta;U8;;;
Eulaema;flavescens;362;Una ;Floresta;U8;;;
Eulaema;bombiformis;363;Una ;Floresta;U8;;;
Eulaema;flavescens;364;Una ;Floresta;U8;;;
Eulaema;flavescens;365;Una ;Floresta;U8;;;
Euglossa;imperialis;366;Una ;Floresta;U8;;;
Euglossa;imperialis;367;Una ;Floresta;U8;;;
Eulaema;flavescens;368;Una ;Floresta;U8;;;
Eulaema;flavescens;369;Una ;Floresta;U8;;;
Euglossa;imperialis;370;Una ;Floresta;U8;;;
Euglossa;imperialis;371;Una ;Floresta;U8;;;
Euglossa;imperialis;372;Una ;Floresta;U8;;;
Euglossa;imperialis;373;Una ;Floresta;U8;;;
Euglossa;imperialis;374;Una ;Floresta;U8;;;
Euglossa;imperialis;375;Una ;Floresta;U8;;;
Euglossa;imperialis;376;Una ;Floresta;U8;;;
Eulaema;bombiformis;377;Una ;Cabruca;U4;;;
Eulaema;bombiformis;378;Una ;Cabruca;U4;;;
Eulaema;bombiformis;379;Una ;Cabruca;U4;;;
Eulaema;flavescens;380;Una ;Floresta;U4;;;
Eulaema;singulata;381;Una ;Floresta;U4;;;
Eulaema;bombiformis;382;Una ;Floresta;U4;;;
Euglossa;ignita;383;Una ;Cabruca;U7;;;
Eulaema;flavescens;384;Una ;Cabruca;U7;;;
Eulaema;flavescens;385;Una ;Cabruca;U7;;;
Eulaema;flavescens;386;Una ;Cabruca;U7;;;
Euglossa;ignita;387;Una ;Floresta;U7;;;
Eulaema;flavescens;388;Una ;Floresta;U7;;;
Eulaema;flavescens;389;Una ;Floresta;U7;;;
Eulaema;bombiformis;390;Una ;Floresta;U7;;;
Eulaema;flavescens;391;Una ;Floresta;U7;;;
Euglossa;imperialis;392;Una ;Floresta;U7;;;
Eulaema;flavescens;393;Una ;Floresta;U2;;;
Eulaema;flavescens;394;Una ;Floresta;U2;;;
Eulaema;flavescens;395;Una ;Floresta;U2;;;
Eulaema;flavescens;396;Una ;Floresta;U2;;;
Eulaema;flavescens;397;Una ;Floresta;U2;;;
Eulaema;flavescens;398;Una ;Floresta;U2;;;
Eulaema;bombiformis;399;Una ;Cabruca;U2;;;
Eulaema;flavescens;400;Una ;Cabruca;U2;;;
Euglossa;ignita;401;Una ;Cabruca;U2;;;
Eulaema;flavescens;402;Una ;Cabruca;U2;;;
Eulaema;flavescens;403;Una ;Cabruca;U2;;;
Eulaema;flavescens;404;Una ;Cabruca;U2;;;
Euglossa;imperialis;405;Una ;Cabruca;U2;;;
Eulaema;bombiformis;406;Una ;Cabruca;U2;;;
Eulaema;singulata;407;Una ;Cabruca;U2;;;
Eulaema;flavescens;408;Una ;Cabruca;U2;;;
Eulaema;bombiformis;409;Una ;Cabruca;U2;;;
Eulaema;flavescens;410;Una ;Cabruca;U2;;;
Eulaema;bombiformis;411;Una ;Cabruca;U2;;;
Eulaema;bombiformis;412;Una ;Cabruca;U2;;;
Exaerete;smaragdina;413;Una ;Cabruca;U2;;;
Eulaema;flavescens;414;Una ;Floresta;U2;;;
Eulaema;flavescens;415;Una ;Floresta;U2;;;
Eulaema;bombiformis;416;Una ;Floresta;U2;;;
Eulaema;flavescens;417;Una ;Floresta;U2;;;
Eulaema;flavescens;418;Una ;Floresta;U2;;;
Eulaema;bombiformis;419;Una ;Floresta;U2;;;
Eulaema;bombiformis;420;Una ;Floresta;U2;;;
Eulaema;flavescens;421;Una ;Floresta;U2;;;
Eulaema;bombiformis;422;Una ;Floresta;U2;;;
Eulaema;bombiformis;423;Una ;Floresta;U2;;;
Eulaema;flavescens;424;Una ;Floresta;U2;;;
Eulaema;bombiformis;425;Una ;Floresta;U2;;;
Eulaema;flavescens;426;Una ;Floresta;U2;;;
Eulaema;flavescens;427;Una ;Floresta;U2;;;
Eulaema;bombiformis;428;Belmonte;Floresta;B5;;;
Eulaema;bombiformis;429;Belmonte;Floresta;B5;;;
Eulaema;flavescens;430;Belmonte;Floresta;B5;;;
Eulaema;bombiformis;431;Belmonte;Floresta;B5;;;
Eulaema;bombiformis;432;Belmonte;Floresta;B5;;;
Eulaema;flavescens;433;Belmonte;Floresta;B5;;;
Eulaema;flavescens;434;Belmonte;Floresta;B5;;;
Eulaema;bombiformis;435;Belmonte;Floresta;B5;;;
Eulaema;bombiformis;436;Belmonte;Floresta;B5;;;
Eulaema;flavescens;437;Belmonte;Floresta;B5;;;
Eulaema;flavescens;438;Belmonte;Floresta;B5;;;
Eulaema;flavescens;439;Belmonte;Floresta;B5;;;
Eulaema;bombiformis;440;Belmonte;Floresta;B5;;;
Eulaema;flavescens;441;Belmonte;Cabruca;B5;;;
Eulaema;flavescens;442;Belmonte;Cabruca;B5;;;
Eulaema;flavescens;443;Belmonte;Cabruca;B5;;;
Eulaema;flavescens;444;Belmonte;Cabruca;B5;;;
Eulaema;singulata;445;Belmonte;Cabruca;B5;;;
Eulaema;bombiformis;446;Belmonte;Cabruca;B5;;;
Eulaema;flavescens;447;Belmonte;Cabruca;B5;;;
Eulaema;flavescens;448;Belmonte;Cabruca;B5;;;
Eulaema;bombiformis;449;Belmonte;Cabruca;B5;;;
Eulaema;flavescens;450;Belmonte;Cabruca;B5;;;
Eulaema;flavescens;451;Belmonte;Cabruca;B5;;;
Eulaema;singulata;452;Belmonte;Cabruca;B5;;;
Eulaema;bombiformis;453;Belmonte;Cabruca;B5;;;
Eulaema;flavescens;454;Belmonte;Cabruca;B5;;;
Eulaema;flavescens;455;Belmonte;Cabruca;B5;;;
Eulaema;flavescens;456;Belmonte;Cabruca;B5;;;
Eulaema;singulata;457;Belmonte;Floresta;B7;;;
Eulaema;singulata;458;Belmonte;Floresta;B7;;;
Eulaema;flavescens;459;Belmonte;Floresta;B7;;;
Eulaema;flavescens;460;Belmonte;Floresta;B7;;;
Eulaema;singulata;461;Belmonte;Floresta;B7;;;
Eulaema;singulata;462;Belmonte;Cabruca;B7;;;
Eulaema;singulata;463;Belmonte;Cabruca;B7;;;
Eulaema;singulata;464;Belmonte;Cabruca;B7;;;
Eulaema;bombiformis;465;Belmonte;Cabruca;B7;;;
Eulaema;flavescens;466;Belmonte;Cabruca;B7;;;
Eulaema;flavescens;467;Belmonte;Cabruca;B7;;;
Eulaema;flavescens;468;Belmonte;Cabruca;B7;;;
Eulaema;flavescens;469;Belmonte;Cabruca;B7;;;
Eulaema;singulata;470;Belmonte;Cabruca;B7;;;
Eulaema;flavescens;471;Belmonte;Cabruca;B7;;;
Eulaema;singulata;472;Belmonte;Cabruca;B7;;;
Eulaema;singulata;473;Belmonte;Cabruca;B7;;;
Eulaema;flavescens;474;Belmonte;Cabruca;B7;;;
Eulaema;singulata;475;Belmonte;Cabruca;B7;;;
Eulaema;bombiformis;476;Belmonte;Cabruca;B7;;;
Eulaema;singulata;477;Belmonte;Cabruca;B7;;;
Eulaema;singulata;478;Belmonte;Cabruca;B7;;;
Eulaema;singulata;479;Belmonte;Cabruca;B7;;;
Eulaema;singulata;480;Belmonte;Cabruca;B7;;;
Eulaema;singulata;481;Belmonte;Cabruca;B7;;;
Eulaema;singulata;482;Belmonte;Cabruca;B7;;;
Eulaema;singulata;483;Belmonte;Cabruca;B7;;;
Eulaema;singulata;484;Belmonte;Cabruca;B7;;;
Eulaema;singulata;485;Belmonte;Cabruca;B7;;;
Eulaema;singulata;486;Belmonte;Cabruca;B7;;;
Eulaema;singulata;487;Belmonte;Cabruca;B7;;;
Eulaema;singulata;488;Belmonte;Cabruca;B7;;;
Euglossa;ignita;489;Belmonte;Cabruca;B7;;;
Eulaema;singulata;490;Belmonte;Cabruca;B7;;;
Euglossa;imperialis;491;Belmonte;Floresta;B9;;;
Eulaema;singulata;492;Belmonte;Floresta;B9;;;
Eulaema;bombiformis;493;Belmonte;Floresta;B9;;;
Eulaema;flavescens;494;Belmonte;Floresta;B9;;;
Euglossa;ignita;495;Belmonte;Floresta;B9;;;
Euglossa;imperialis;496;Belmonte;Floresta;B9;;;
Euglossa;amazonica;497;Belmonte;Floresta;B9;;;
Euglossa;imperialis;498;Belmonte;Floresta;B9;;;
Eulaema;flavescens;499;Belmonte;Floresta;B9;;;
Eulaema;bombiformis;500;Belmonte;Floresta;B9;;;
Euglossa;imperialis;501;Belmonte;Floresta;B9;;;
Eulaema;singulata;502;Belmonte;Floresta;B9;;;
Euglossa;imperialis;503;Belmonte;Floresta;B9;;;
Euglossa;imperialis;504;Belmonte;Floresta;B9;;;
Euglossa;imperialis;505;Belmonte;Floresta;B9;;;
Euglossa;imperialis;506;Belmonte;Floresta;B9;;;
Eulaema;flavescens;507;Belmonte;Floresta;B9;;;
Eulaema;singulata;508;Belmonte;Floresta;B9;;;
Eulaema;flavescens;509;Belmonte;Floresta;B9;;;
Eulaema;flavescens;510;Belmonte;Floresta;B9;;;
Eulaema;bombiformis;511;Belmonte;Floresta;B9;;;
Eulaema;flavescens;512;Belmonte;Floresta;B9;;;
Euglossa;imperialis;513;Belmonte;Floresta;B9;;;
Eulaema;flavescens;514;Belmonte;Floresta;B9;;;
Eulaema;bombiformis;515;Belmonte;Floresta;B9;;;
Eulaema;flavescens;516;Belmonte;Floresta;B9;;;
Eulaema;flavescens;517;Belmonte;Floresta;B9;;;
Eulaema;flavescens;518;Belmonte;Floresta;B9;;;
Eulaema;flavescens;519;Belmonte;Floresta;B9;;;
Eulaema;flavescens;520;Belmonte;Floresta;B9;;;
Eulaema;singulata;521;Belmonte;Cabruca;B9;;;
Euglossa;ignita;522;Belmonte;Cabruca;B9;;;
Euglossa;ignita;523;Belmonte;Cabruca;B9;;;
Eulaema;flavescens;524;Belmonte;Cabruca;B9;;;
Eulaema;singulata;525;Belmonte;Cabruca;B9;;;
Eulaema;singulata;526;Belmonte;Cabruca;B9;;;
Euglossa;imperialis;527;Belmonte;Cabruca;B9;;;
Eulaema;singulata;528;Belmonte;Cabruca;B9;;;
Eulaema;singulata;529;Belmonte;Floresta;B10;;;
Eulaema;singulata;530;Belmonte;Floresta;B10;;;
Euglossa;imperialis;531;Belmonte;Floresta;B10;;;
Eulaema;singulata;532;Belmonte;Floresta;B10;;;
Euglossa;augaspis;533;Belmonte;Floresta;B10;;;
Eulaema;singulata;534;Belmonte;Floresta;B10;;;
Eulaema;bombiformis;535;Belmonte;Cabruca;B10;;;
Eulaema;bombiformis;536;Belmonte;Cabruca;B10;;;
Eulaema;singulata;537;Belmonte;Cabruca;B10;;;
Eulaema;flavescens;538;Belmonte;Cabruca;B10;;;
Eulaema;flavescens;539;Belmonte;Cabruca;B10;;;
Eulaema;singulata;540;Belmonte;Cabruca;B10;;;
Eulaema;flavescens;541;Belmonte;Cabruca;B10;;;
Eulaema;flavescens;542;Belmonte;Cabruca;B10;;;
Eulaema;flavescens;543;Belmonte;Cabruca;B2;;;
Eulaema;flavescens;544;Belmonte;Cabruca;B2;;;
Eulaema;singulata;545;Belmonte;Floresta;B2;;;
Eulaema;flavescens;546;Belmonte;Floresta;B2;;;
Eulaema;singulata;547;Belmonte;Floresta;B2;;;
Eulaema;flavescens;548;Belmonte;Floresta;B2;;;
Eulaema;bombiformis;549;Belmonte;Floresta;B2;;;
Eulaema;bombiformis;550;Belmonte;Floresta;B2;;;
Eulaema;flavescens;551;Belmonte;Cabruca;B1;;;
Eulaema;flavescens;552;Belmonte;Cabruca;B1;;;
Eulaema;flavescens;553;Belmonte;Cabruca;B1;;;
Eulaema;flavescens;554;Belmonte;Cabruca;B1;;;
Eulaema;flavescens;555;Belmonte;Cabruca;B1;;;
Eulaema;flavescens;556;Belmonte;Cabruca;B1;;;
Eulaema;flavescens;557;Belmonte;Floresta;B1;;;
Eulaema;flavescens;558;Belmonte;Floresta;B1;;;
Eulaema;flavescens;559;Belmonte;Floresta;B1;;;
Eulaema;bombiformis;560;Belmonte;Floresta;B1;;;
Eulaema;flavescens;561;Belmonte;Floresta;B1;;;
Eulaema;flavescens;562;Belmonte;Floresta;B1;;;
Eulaema;flavescens;563;Belmonte;Floresta;B1;;;
Eulaema;flavescens;564;Belmonte;Floresta;B1;;;
Eulaema;flavescens;565;Belmonte;Floresta;B1;;;
Eulaema;bombiformis;566;Ilhéus;Cabruca;I10;;;
Eulaema;flavescens;567;Ilhéus;Cabruca;I10;;;
Eulaema;bombiformis;568;Ilhéus;Cabruca;I10;;;
Eulaema;bombiformis;569;Ilhéus;Cabruca;I10;;;
Eulaema;bombiformis;570;Ilhéus;Cabruca;I10;;;
Eulaema;flavescens;571;Ilhéus;Cabruca;I10;;;
Eulaema;bombiformis;572;Ilhéus;Cabruca;I10;;;
Eulaema;singulata;573;Ilhéus;Cabruca;I10;;;
Eulaema;bombiformis;574;Ilhéus;Cabruca;I10;;;
Eulaema;flavescens;575;Ilhéus;Cabruca;I10;;;
Eulaema;bombiformis;576;Ilhéus;Cabruca;I10;;;
Eulaema;bombiformis;577;Ilhéus;Cabruca;I10;;;
Eulaema;bombiformis;578;Ilhéus;Cabruca;I10;;;
Eulaema;bombiformis;579;Ilhéus;Cabruca;I10;;;
Eulaema;flavescens;580;Ilhéus;Cabruca;I10;;;
Eulaema;flavescens;581;Ilhéus;Cabruca;I10;;;
Eulaema;bombiformis;582;Ilhéus;Cabruca;I10;;;
Eulaema;flavescens;583;Ilhéus;Cabruca;I10;;;
Eulaema;flavescens;584;Ilhéus;Cabruca;I10;;;
Eulaema;bombiformis;585;Ilhéus;Cabruca;I10;;;
Eulaema;bombiformis;586;Ilhéus;Cabruca;I10;;;
Eulaema;flavescens;587;Ilhéus;Cabruca;I10;;;
Eulaema;flavescens;588;Ilhéus;Cabruca;I10;;;
Eulaema;flavescens;589;Ilhéus;Cabruca;I10;;;
Eulaema;flavescens;590;Ilhéus;Cabruca;I10;;;
Eulaema;bombiformis;591;Ilhéus;Cabruca;I10;;;
Eulaema;bombiformis;592;Ilhéus;Cabruca;I10;;;
Eulaema;bombiformis;593;Ilhéus;Cabruca;I10;;;
Eulaema;bombiformis;594;Ilhéus;Cabruca;I10;;;
Eulaema;flavescens;595;Ilhéus;Cabruca;I10;;;
Eulaema;bombiformis;596;Ilhéus;Cabruca;I10;;;
Euglossa;imperialis;597;Ilhéus;Cabruca;I10;;;
Eulaema;bombiformis;598;Ilhéus;Cabruca;I10;;;
Eulaema;bombiformis;599;Ilhéus;Cabruca;I10;;;
Eulaema;flavescens;600;Ilhéus;Cabruca;I10;;;
Eulaema;bombiformis;601;Ilhéus;Cabruca;I10;;;
Eulaema;bombiformis;602;Ilhéus;Cabruca;I10;;;
Eulaema;flavescens;603;Ilhéus;Cabruca;I10;;;
Eulaema;flavescens;604;Ilhéus;Cabruca;I10;;;
Eulaema;bombiformis;605;Ilhéus;Floresta;I10;;;
Eulaema;flavescens;606;Ilhéus;Floresta;I10;;;
Eulaema;flavescens;607;Ilhéus;Floresta;I10;;;
Eulaema;bombiformis;608;Ilhéus;Floresta;I10;;;
Eulaema;flavescens;609;Ilhéus;Floresta;I10;;;
Euglossa;imperialis;610;Ilhéus;Floresta;I10;;;
Eulaema;bombiformis;611;Ilhéus;Floresta;I10;;;
Eulaema;flavescens;612;Ilhéus;Floresta;I10;;;
Eulaema;flavescens;613;Ilhéus;Floresta;I10;;;
Eulaema;bombiformis;614;Ilhéus;Floresta;I10;;;
Eulaema;flavescens;615;Ilhéus;Floresta;I10;;;
Eulaema;bombiformis;616;Ilhéus;Floresta;I10;;;
Eulaema;bombiformis;617;Ilhéus;Floresta;I10;;;
Eulaema;bombiformis;618;Ilhéus;Floresta;I10;;;
Eulaema;flavescens;619;Ilhéus;Floresta;I10;;;
Eulaema;flavescens;620;Ilhéus;Floresta;I10;;;
Eulaema;flavescens;621;Ilhéus;Floresta;I10;;;
Eulaema;flavescens;622;Ilhéus;Floresta;I10;;;
Eulaema;flavescens;623;Ilhéus;Floresta;I10;;;
Eulaema;bombiformis;624;Ilhéus;Floresta;I10;;;
Eulaema;flavescens;625;Ilhéus;Floresta;I10;;;
Eulaema;flavescens;626;Ilhéus;Floresta;I10;;;
Eulaema;flavescens;627;Ilhéus;Floresta;I10;;;
Eulaema;bombiformis;628;Ilhéus;Floresta;I10;;;
Eulaema;flavescens;629;Ilhéus;Floresta;I10;;;
Eulaema;bombiformis;630;Ilhéus;Floresta;I10;;;
Eulaema;flavescens;631;Ilhéus;Floresta;I10;;;
Eulaema;bombiformis;632;Ilhéus;Floresta;I10;488969;8383836;garrafa 
Eulaema;bombiformis;633;Ilhéus;Floresta;I10;;;
Eulaema;flavescens;634;Ilhéus;Floresta;I10;;;
Eulaema;flavescens;635;Ilhéus;Floresta;I10;;;
Eulaema;flavescens;636;Ilhéus;Floresta;I10;;;
Eulaema;flavescens;637;Ilhéus;Floresta;I10;;;
Eulaema;bombiformis;638;Ilhéus;Floresta;I10;488969;8383836;garrafa 
Eulaema;flavescens;639;Ilhéus;Floresta;I10;;;
Eulaema;bombiformis;640;Ilhéus;Floresta;I10;488969;8383836;garrafa 
Eulaema;flavescens;641;Ilhéus;Floresta;I10;;;
Eulaema;flavescens;642;Ilhéus;Floresta;I10;;;
Eulaema;flavescens;643;Ilhéus;Floresta;I10;;;
Eulaema;bombiformis;644;Ilhéus;Floresta;I10;488969;8383836;garrafa 
Eulaema;bombiformis;645;Ilhéus;Floresta;IA;479298;8376769;garrafa 
Eulaema;flavescens;646;Ilhéus;Floresta;I4;;;
Eulaema;flavescens;647;Ilhéus;Floresta;IA;;;
Eulaema;flavescens;648;Ilhéus;Floresta;IA;;;
Eulaema;flavescens;649;Ilhéus;Floresta;IA;;;
Eulaema;flavescens;650;Ilhéus;Floresta;IA;;;
Eulaema;flavescens;651;Ilhéus;Floresta;IA;;;
Eulaema;flavescens;652;Ilhéus;Floresta;IA;;;
Eulaema;bombiformis;653;Ilhéus;Floresta;IA;479298;8376769;garrafa 
Eulaema;bombiformis;654;Ilhéus;Floresta;IA;479298;8376769;garrafa 
Eulaema;flavescens;655;Ilhéus;Floresta;IA;;;
Eulaema;flavescens;656;Ilhéus;Floresta;I4;;;
Eulaema;bombiformis;657;Ilhéus;Floresta;IA;479298;8376769;garrafa 
Eulaema;flavescens;658;Ilhéus;Floresta;IA;;;
Eulaema;flavescens;659;Ilhéus;Floresta;IA;;;
Eulaema;bombiformis;660;Ilhéus;Floresta;IA;479298;8376769;garrafa 
Eulaema;flavescens;661;Ilhéus;Floresta;IA;;;
Eulaema;bombiformis;662;Ilhéus;Floresta;IA;479298;8376769;garrafa 
Eulaema;bombiformis;663;Ilhéus;Floresta;IA;479298;8376769;garrafa 
Eulaema;flavescens;664;Ilhéus;Floresta;IA;;;
Eulaema;flavescens;665;Ilhéus;Floresta;I4;;;
Eulaema;bombiformis;666;Ilhéus;Floresta;IA;479298;8376769;garrafa 
Eulaema;flavescens;667;Ilhéus;Floresta;IA;;;
Eulaema;flavescens;668;Ilhéus;Floresta;IA;;;
Eulaema;flavescens;669;Ilhéus;Floresta;IA;;;
Eulaema;flavescens;670;Ilhéus;Floresta;IA;;;
Eulaema;bombiformis;671;Ilhéus;Floresta;IA;479298;8376769;garrafa 
Eulaema;flavescens;672;Ilhéus;Floresta;IA;;;
Eulaema;flavescens;673;Ilhéus;Floresta;IA;;;
Eulaema;flavescens;674;Ilhéus;Floresta;IA;;;
Eulaema;flavescens;675;Ilhéus;Floresta;IA;;;
Eulaema;singulata;676;Ilhéus;Floresta;IA;;;
Eulaema;bombiformis;677;Ilhéus;Floresta;IA;479298;8376769;garrafa 
Eulaema;flavescens;678;Ilhéus;Floresta;IA;;;
Eulaema;flavescens;679;Ilhéus;Floresta;IA;;;
Eulaema;flavescens;680;Ilhéus;Floresta;IA;;;
Eulaema;bombiformis;681;Ilhéus;Floresta;I9;487084;8384632;garrafa 
Eulaema;flavescens;682;Ilhéus;Floresta;I9;;;
Eulaema;bombiformis;683;Ilhéus;Floresta;I9;487084;8384632;garrafa 
Eulaema;bombiformis;684;Ilhéus;Floresta;I9;487084;8384632;garrafa 
Eulaema;flavescens;685;Ilhéus;Floresta;I9;;;
Eulaema;bombiformis;686;Ilhéus;Cabruca;I9;487094;8384653;garrafa 
Eulaema;flavescens;687;Ilhéus;Cabruca;I9;;;
Eulaema;flavescens;688;Ilhéus;Cabruca;I9;;;
Eulaema;bombiformis;689;Ilhéus;Cabruca;I9;487094;8384653;garrafa 
Euglossa;ignita;690;Ilhéus;Cabruca;I9;;;
Eulaema;bombiformis;691;Ilhéus;Cabruca;I9;487094;8384653;garrafa 
Eulaema;bombiformis;692;Ilhéus;Cabruca;I9;487094;8384653;garrafa 
Eulaema;flavescens;693;Ilhéus;Cabruca;I9;;;
Eulaema;bombiformis;694;Ilhéus;Cabruca;I9;487094;8384653;garrafa 
Eulaema;flavescens;695;Ilhéus;Cabruca;I9;;;
Eulaema;flavescens;696;Ilhéus;Cabruca;I9;;;
Eulaema;flavescens;697;Ilhéus;Cabruca;I9;;;
Eulaema;flavescens;698;Ilhéus;Cabruca;I9;;;
Eulaema;flavescens;699;Ilhéus;Cabruca;I9;;;
Eulaema;flavescens;700;Ilhéus;Cabruca;I9;;;
Euglossa;imperialis;701;Ilhéus;Cabruca;I9;;;
Eulaema;flavescens;702;Ilhéus;Cabruca;I9;;;
Eulaema;flavescens;703;Ilhéus;Cabruca;I9;;;
Eulaema;flavescens;704;Ilhéus;Cabruca;I9;;;
Eulaema;bombiformis;705;Ilhéus;Cabruca;I9;487094;8384653;garrafa 
Eulaema;flavescens;706;Ilhéus;Cabruca;I9;;;
Eulaema;flavescens;707;Ilhéus;Cabruca;I9;;;
Eulaema;flavescens;708;Ilhéus;Cabruca;I9;;;
Eulaema;singulata;709;Ilhéus;Cabruca;I9;;;
Eulaema;flavescens;710;Ilhéus;Cabruca;I1;;;
Euglossa;imperialis;711;Ilhéus;Cabruca;I1;;;
Eulaema;bombiformis;712;Ilhéus;Floresta;I1;476348;8376848;garrafa 
Eulaema;flavescens;713;Ilhéus;Floresta;I1;;;
Eulaema;flavescens;714;Ilhéus;Floresta;I1;;;
Eulaema;flavescens;715;Ilhéus;Floresta;I8;;;
Eulaema;flavescens;716;Ilhéus;Floresta;I8;;;
Eulaema;bombiformis;717;Ilhéus;Cabruca;IA;479335;8377816;garrafa 
Eulaema;bombiformis;718;Ilhéus;Cabruca;IA;479335;8377816;garrafa 
Eulaema;flavescens;719;Ilhéus;Cabruca;IA;;;
Eulaema;flavescens;720;Ilhéus;Cabruca;IA;;;
Eulaema;flavescens;721;Ilhéus;Cabruca;IA;;;
Eulaema;bombiformis;722;Ilhéus;Cabruca;IA;479335;8377816;garrafa 
Eulaema;flavescens;723;Ilhéus;Cabruca;IA;;;
Eulaema;flavescens;724;Ilhéus;Cabruca;IA;;;
Eulaema;bombiformis;725;Ilhéus;Cabruca;IA;479335;8377816;garrafa 
Eulaema;bombiformis;726;Ilhéus;Cabruca;IA;479335;8377816;garrafa 
Eulaema;bombiformis;727;Ilhéus;Cabruca;IA;479335;8377816;garrafa 
Eulaema;flavescens;728;Ilhéus;Cabruca;IA;;;
Eulaema;bombiformis;729;Ilhéus;Cabruca;IA;479335;8377816;garrafa 
Euglossa;imperialis;730;Ilhéus;Cabruca;I4;;;
Eulaema;flavescens;731;Ilhéus;Cabruca;I4;;;
Eulaema;flavescens;732;Ilhéus;Cabruca;I4;;;
Eulaema;flavescens;733;Ilhéus;Cabruca;I4;;;
Eulaema;bombiformis;734;Ilhéus;Cabruca;IA;479335;8377816;garrafa 
Eulaema;bombiformis;735;Ilhéus;Cabruca;I4;475778;8379588;garrafa 
Eulaema;bombiformis;736;Ilhéus;Cabruca;I4;475778;8379588;garrafa 
Euglossa;imperialis;737;Ilhéus;Floresta;I4;;;
Euglossa;imperialis;738;Ilhéus;Floresta;I4;;;
Eulaema;flavescens;739;Ilhéus;Floresta;I4;;;
Eulaema;flavescens;740;Ilhéus;Floresta;I4;;;
Eulaema;bombiformis;741;Ilhéus;Floresta;I4;476028;8380415;garrafa 
Eulaema;flavescens;742;Ilhéus;Floresta;I4;;;
Eulaema;flavescens;743;Ilhéus;Floresta;I4;;;
Euglossa;imperialis;744;Ilhéus;Floresta;I4;;;
Eulaema;flavescens;745;Ilhéus;Floresta;I4;;;
Euglossa;imperialis;746;Ilhéus;Floresta;I4;;;
Eulaema;flavescens;747;Ilhéus;Floresta;I4;;;
Eulaema;flavescens;748;Ilhéus;Floresta;I4;;;
Eulaema;flavescens;749;Ilhéus;Floresta;I4;;;
Euglossa;ignita;750;Ilhéus;Floresta;I4;;;
Euglossa;imperialis;751;Ilhéus;Floresta;I4;;;
Eulaema;flavescens;752;Ilhéus;Floresta;I4;;;
Eulaema;flavescens;753;Ilhéus;Floresta;I4;;;
Eulaema;flavescens;754;Ilhéus;Floresta;I4;;;
Eulaema;flavescens;755;Ilhéus;Floresta;I4;;;
Eulaema;flavescens;756;Ilhéus;Floresta;I4;;;
Eulaema;flavescens;757;Ilhéus;Floresta;I4;;;
Eulaema;bombiformis;758;Ilhéus;Floresta;I4;476028;8380415;garrafa 
Euglossa;imperialis;759;Ilhéus;Floresta;I4;;;
Eulaema;flavescens;760;Ilhéus;Floresta;I4;;;
Eulaema;bombiformis;761;Ilhéus;Floresta;I4;476028;8380415;garrafa 
Eulaema;bombiformis;763;Ilhéus;Floresta;I4;476028;8380415;garrafa 
Eulaema;flavescens;762;Ilhéus;Floresta;I4;;;
Euglossa;imperialis;764;Ilhéus;Floresta;I4;;;
Eulaema;flavescens;765;Ilhéus;Floresta;I4;;;
Eulaema;flavescens;766;Ilhéus;Floresta;I4;;;
Eulaema;flavescens;767;Ilhéus;Floresta;I4;;;
Eulaema;flavescens;768;Ilhéus;Floresta;I4;;;
Eulaema;flavescens;769;Ilhéus;Floresta;I4;;;
Eulaema;flavescens;770;Ilhéus;Floresta;I4;;;
Eulaema;flavescens;771;Ilhéus;Floresta;I4;;;
Eulaema;flavescens;772;Ilhéus;Floresta;I4;;;
Eulaema;flavescens;773;Ilhéus;Floresta;I4;;;
Eulaema;flavescens;774;Ilhéus;Floresta;I4;;;
Euglossa;imperialis;775;Ilhéus;Floresta;I4;;;
Eulaema;bombiformis;776;Ilhéus;Floresta;I4;476028;8380415;garrafa 
Eulaema;flavescens;777;Ilhéus;Floresta;I4;;;
Eulaema;flavescens;778;Ilhéus;Floresta;I4;;;
Eulaema;flavescens;779;Ilhéus;Floresta;I4;;;
Eulaema;flavescens;780;Ilhéus;Floresta;I4;;;
Eulaema;flavescens;781;Ilhéus;Floresta;I4;;;
Eulaema;flavescens;782;Ilhéus;Floresta;I4;;;
Eulaema;flavescens;783;Ilhéus;Floresta;I4;;;
Eulaema;flavescens;784;Ilhéus;Floresta;I4;;;
Eulaema;bombiformis;785;Ilhéus;Floresta;I4;476028;8380415;garrafa 
Euglossa;imperialis;786;Ilhéus;Floresta;I4;;;
Eulaema;flavescens;787;Ilhéus;Floresta;I4;;;
Euglossa;imperialis;788;Ilhéus;Floresta;I4;;;
Eulaema;flavescens;789;Ilhéus;Floresta;I4;;;
Eulaema;flavescens;790;Ilhéus;Floresta;I4;;;
